Index	PDB ID	UniProt ID	Name	Organism	Chains used	N residues	N pockets	Active site residues	Allosteric site residues
1	2Y0P	A0R2B1	Multifunctional 2-oxoglutarate metabolism enzyme 	Mycobacterium smegmatis	A	847	36	645A,604A,579A,1020A,678A,539A,976A,540A,952A,680A	1058A,1092A,1060A,1054A,830A,1038A,1147A,1142A,1062A,1145A,827A,1037A,822A,1035A,1149A,1146A,1148A,1150A
2	2RDE	A5F1K1	Uncharacterized protein	Vibrio cholerae serotype O1	A	587	10	137A,168A,136A,140A,165A,138A,139A,167A,163A,162A,164A,166A,208A	219A,169A,207A,220A,221A,96A,135A
3	3PJG	C4XAX5	UDP-glucose 6-dehydrogenase	Klebsiella pneumoniae subsp. pneumoniae NTUH-K2044	A	388	9	165A,41A,279A,91A,36A,15A,346A,131A	326A,319A,345A,323A,259A,320A,256A,324A,257A,322A,284A
4	4AW0	O15530	3-phosphoinositide-dependent protein kinase 1 	Homo sapiens	A	285	11	160A,92A,166A,94A	124A,149A,148A,150A,156A,157A,155A,128A,131A,119A,127A,76A,115A,118A
5	1XJF	O33839	Ribonucleotide reductase	Thermotoga maritima	A,B	1230	37	333B,333A,320B,320A,134A,134B,322A,322B	200B,202B,141A,185A,146A,190A,142A,171A,183A,177A,180A,143A,158B,178A,179A,201B,184A
6	4P3H	O36607	KSHV protease	Human herpesvirus 8	A	190	6	63A,156A,165A,163A,132A,134A,135A,133A	192A,193A,83A,110A,80A,189A,139A,105A,90A,109A,79A,106A,44A,76A
7	3KGF	O53512	Phospho-2-dehydro-3-deoxyheptonate aldolase AroG 	Mycobacterium tuberculosis	A,B	906	28	306B,306A,283B,283A,248B,337B,337A,248A	111A,192A,6B,173B,238A,194A,110A,92A,240A,91A,174A,175A,237A,171A,123A,3B,241A,178A,107A,55B,5B
8	4BO2	O54438	3-oxoacyl-[acyl-carrier-protein] reductase FabG 	Pseudomonas aeruginosa	A,B	473	11	37A,37B,189A,17A,89A,63B,63A,89B,14B,14A,154B,154A,158B,185A,185B,158A,192A,192B,187B,187A,17B,189B,15A,62B,62A,15B	111A,111B,159A,110A,156A,156B,114B,160A,163B,114A,164A,160B,164B,106A,110B,106B,107B,163A,107A
9	4HSG	O60678	Protein arginine N-methyltransferase 3 	Homo sapiens	A	298	7	277A,328A,299A	389A,396A,420A,422A,392A,387A,503A,393A,466A,467A,424A
10	3PTZ	O60701	UDP-glucose 6-dehydrogenase 	Homo sapiens	A,B	915	27	165A,41A,41B,279B,36B,279A,91A,36A,15A,165B,15B,346B,346A,131A,91B,131B	267A,442A,260B,220A,266A,224A,269A,339A,163A,162A,164A,273A,272A,277A,227A,265A,231A,276A,338A,161A
11	3UO9	O94925	Glutaminase kidney isoform, mitochondrial 	Homo sapiens	A,B,D	1220	34	335D,335A,335B,484D,484A,484B,381B,286A,286B,381A,286D,381D,466D,414D,414A,466A,466B,414B	324B,321B,327A,317D,394B,323B,323A,321A,320A,394A,325A,324A,322B,322A,325B,320B
12	4MBS	P00268	Rubredoxin 	Clostridium pasteurianum	A	346	6	1039A,1009A,1006A,1042A	195A,255A,37A,279A,251A,283A,191A,259A,89A,287A,284A,109A,108A,198A,86A,112A,194A,182A,248A
13	2LDB	P00344	L-lactate dehydrogenase 	Geobacillus stearothermophilus	B,C	602	23	136B,53B,29B,29C,138B,138C,96B,96C,53C,136C,193C,193B,30B,30C,137C,137B,52B,52C,98B,251B,31B,251C,161B,161C,247C,247B,31C,98C	171C,186C,186B,183C,207B,269C,269B,183B,171B,184C,184B
14	3ETE	P00366	Glutamate dehydrogenase 1, mitochondrial 	Bos taurus	A,B,E	1485	52	168A,168B,168E,92A,92B,92E,90B,90A,90E,381B,381A,381E,211A,211B,211E,114B,114A,114E,126B,126A,349E,349B,126E,349A	186E,147A,206A,212A,150A,388A,185A,86B,491B,257A,186A,450A,446A,121B,262A,258A,387A,488B,393A,115B,217A,391A,150E,146A,205A,154E,181A,85B,213A,195A,119B,142A,187E,187A,189E,190E,116B,190A,392A,261A,292A,265A,120B
15	4MRA	P00489	Glycogen phosphorylase, muscle form 	Oryctolagus cuniculus	A	806	27	377A,675A,484A,672A,284A	124A,552A,551A,495A,548A,121A,655A,545A,544A
16	3PYY	P00519	Tyrosine-protein kinase ABL1 	Homo sapiens	A	265	12	400A,334A,379A,337A,305A	482A,448A,481A,360A,484A,359A,356A,487A,483A,451A,452A,363A
17	1KZ8	P00636	Fructose-1,6-bisphosphatase 1 	Sus scrofa	A	319	7	274A,215A,275A,269A,212A,244A,246A,247A,264A,243A,248A	73A,47A,52A,53A,72A,51A,50A,56A,76A,55A,70A,71A
18	11BG	P00669	Seminal ribonuclease 	Bos taurus	A,B	248	10	12A,39A,24A,123B,85A,24B,12B,67A,66A,123A,85B,45A,45B,39B,33A,66B,67B,33B	32B,27A,28A,14A,95A,94A
19	4OO9	P00720	Endolysin 	Enterobacteria phage T4	A	409	14	1020A,1011A	785A,743A,751A,788A,624A,625A,802A,740A,805A,813A,744A,659A,658A,810A,655A,654A,747A,651A,809A,806A
20	3PMA	P00735	Prothrombin 	Bos taurus	B,D	447	17	54B,192B,186B,192D,186D,54D,216D,211B,211D,216B,213D,213B	240D,125B,241D,235B,237D,239B,232B,89D,244D,245D,126B,87D
21	1I7S	P00897	Anthranilate synthase component 1 	Serratia marcescens	A,C	1022	42	449C,449A,469A,469C,483A,483C	38A,39A,465A,40A,454A,49A,50A,291A,463A,292A,455A,453A,293A
22	1CE8	P00968	Carbamoyl-phosphate synthase large chain 	Escherichia coli	A	1058	36	829A,241A,129A,215A,786A,169A,788A,754A,210A,176A,761A,756A,285A,299A,243A,208A,841A,715A	994A,893A,895A,1039A,976A,974A,1026A,1001A,1042A,1040A,1015A,1017A,1028A,892A,993A,949A,995A,954A,975A,1025A,783A,791A,977A,793A,1030A,1041A,907A,1029A,948A,1016A
23	3KCG	P01008	Antithrombin-III 	Homo sapiens	H,I	646	25	283I,193H,195H,379I,196H,377I,102H	112I,121I,48I,43I,12I,13I,47I,11I,113I,125I,45I,44I,129I,114I,122I
24	2D5X	P02062	Hemoglobin subunit beta 	Equus caballus	A,B	287	11	63B,87A,92B,58A	37B,35B,103A,100A,36A,105B,99A,130A,126A,108B
25	1EFA	P03023	Lactose operon repressor	Escherichia coli	A	328	13	56A,57A,54A,53A	73A,149A,148A,291A,125A,293A,193A,220A,75A,274A,246A,79A,76A,197A,161A
26	4KFB	P03366	HIV-1 reverse transcriptase	Human immunodeficiency virus type 1 group M subtype B	A,B	968	43	373B,373A	168A,235A,138B,162A,164A,180A,106A,182A,172A,51B,5A,188A,135B,103A,28B,318A,52B,169A,140B,165A,91A,101A,236A,139B,163A,234A,100A,50B,179A,161A,6A,166A,8A,49B,227A,102A,181A
27	4G8O	P05121	Plasminogen activator inhibitor 1 	Homo sapiens	D	367	9	35D,29D,8D,5D,24D,7D,12D,32D,26D,16D,22D,9D,10D,14D,20D,30D,34D,18D,28D,19D,6D,11D,27D,13D,23D,17D,25D,21D,15D,33D,31D	209D,227D,268D,175D,206D,176D,207D,177D,204D,226D,231D,208D,179D
28	1EM6	P06737	Glycogen phosphorylase, liver form 	Homo sapiens	A,B	1574	65	672B,672A,484A,484B,377B,377A,675B,675A,284B,284A	64A,64B,37A,38A,38B,191A,191B,188B,188A,63A,63B,67A,67B,40B,40A,190B,189A,189B,190A,60A,60B,229B,229A
29	1H78	P07071	Anaerobic ribonucleoside-triphosphate reductase 	Enterobacteria phage T4	A	534	16	64A,445A,448A,447A,103A,146A,100A,114A	111A,110A,104A,102A,99A,98A,107A
30	3MKS	P07834	Cell division control protein 4 	Saccharomyces cerevisiae	B,D	889	11	389B,389D,639B,720B,680D,680B,639D,720D	667D,632D,664D,630D,655D,649D,634D,657D,628D,656D,629D,666D
31	3LW0	P08069	Insulin-like growth factor 1 receptor 	Homo sapiens	A	292	13	1009A,1033A,1080A,1008A,1082A	1133A,1077A,1054A,1134A,1050A,1062A,1051A,1079A,1063A,1189A,1174A,1151A,1153A,1065A,1152A
32	4IO8	P08107	Heat shock 70 kDa protein 1A/1B 	Homo sapiens	A	377	9	71A	340A,339A,202A,35A,275A,37A,268A,15A,271A,366A,272A,230A,343A,342A
33	1W0F	P08684	Cytochrome P450 3A4 	Homo sapiens	A	459	10	375A,105A,126A,442A	219A,217A,214A,240A,220A,213A
34	1QW7	P0A434	Parathion hydrolase 	Brevundimonas diminuta	A	335	10	230A,55A,57A,301A,201A	51A,350A
35	1PCQ	P0A6F5	60 kDa chaperonin 	Escherichia coli	A	524	16	89A,52A	150A,32A,53A,480A,51A,414A,495A,91A,398A,478A,479A,454A,88A,90A,493A,481A,415A,30A,31A,33A,87A
36	2WU1	P0A759	Glucosamine-6-phosphate deaminase 	Escherichia coli	A	266	9	145A,72A,146A,170A,85A,143A,44A,208A,71A,41A	1A,2A
37	1PFK	P0A796	ATP-dependent 6-phosphofructokinase isozyme 1 	Escherichia coli	A,B	640	25	73A,25A,72B,214B,214A,72A,213A,104B,104A,54A,58B,58A,54B,73B,103B,103A,105A,105B,154B,154A,187B,11A,187A,25B,11B,59A,59B,21B,21A,213B	215A,319A,211A,212A,185A,158A,55B
38	2V4Y	P0A7E9	Uridylate kinase 	Escherichia coli	A,E,F	706	17	145E,145F,145A,138E,138F,138A,143F,143E,143A,58F,77E,63A,77F,77A,63E,63F,58A,144F,144E,18A,18F,144A,18E,140A,140F,140E,58E,17F,17E,17A,15A,62A,15E,62F,62E,15F	72F,124E,75F,92A,93A,103A,101A,123E,102A,96A,120E,119E,127E,130A
39	2HIM	P0A962	L-asparaginase 1 	Escherichia coli	A,C	648	22	240C,240A,92A,92C,91A,91C,60A,273A,60C,273C,61C,61A,302C,303A,302A,303C	162A,271A,301A,272A
40	2Q8M	P0A993	Fructose-1,6-bisphosphatase class 1 	Escherichia coli	A	304	13	275A,245A,216A,244A,247A,213A,249A,276A,270A,265A,248A	207A,221A,210A,225A,222A
41	3QOP	P0ACJ8	cAMP-activated global transcriptional regulator CRP 	Escherichia coli	A,B	400	13	72B,96B,72A,176B,176A,82A,174A,174B,82B,170A,170B,73B,128A,96A,180A,128B,136B,184A,101B,182A,135B,172A,172B,136A,178B,59B,58B,58A,61B,127A,135A,61A,71B,71A,73A,57B,56B,101A,175A,175B,83B,171B,171A,83A,177A,181A,181B,56A,173A,185A,185B,173B,179A,127B,183B,182B,177B,59A,62B,62A,183A,60A,179B,60B,184B,178A,57A,180B	124B,49A,74A,123A,84A,86A,30A,70A
42	4AHS	P12497	Gag-Pol polyprotein 	Human immunodeficiency virus type 1 group M subtype B	A,B	301	11	64A,64B,116A,116B	201B,83B,198B,109A,108A,204A,106A,185B,208A,197B,107A
43	3KF0	P12499	HIV protease	Human immunodeficiency virus type 1 group M subtype D	A	99	4	25A,48A,29A	64A,65A,42A,56A,16A,17A,15A,63A,14A,45A,44A,55A,57A
44	1DKU	P14193	Ribose-phosphate pyrophosphokinase 	Bacillus subtilis	A,B	590	20	106A,135B,135A,106B	149A,148A,140A,315A,105B,108B,109B,312A,107B,310A,311A
45	1T49	P18031	Tyrosine-protein phosphatase non-receptor type 1 	Homo sapiens	A	282	10	220A,221A,217A,216A,48A	192A,193A,200A,279A,189A,282A,281A,277A,276A,280A,196A,197A
46	1HKB	P19367	Hexokinase-1 	Homo sapiens	A	899	32	209A,621A,742A,294A,708A,657A,260A,173A,208A,656A,620A	449A,153A,91A,232A,155A,88A,415A,84A,413A,229A,231A,414A,87A
47	2JFN	P22634	Glutamate racemase 	Escherichia coli	A	266	7	39A,182A,71A,40A,72A	233A,120A,151A,100A,230A,104A,114A,227A,116A,117A,119A,112A,113A,234A,115A,231A
48	1GZ3	P23368	NAD-dependent malic enzyme, mitochondrial 	Homo sapiens	A,B	1108	44	194B,346B,346A,197B,197A,312A,556A,467A,165B,156A,156B,165A,345B,345A,312B,194A,467B,556B,314A,314B,465A,465B,259A,259B	64A,91A,88A,128B,95A,127B,67A
49	3HNC	P23921	Ribonucleoside-diphosphate reductase large subunit 	Homo sapiens	A,B	1452	48	441B,209A,209B,624A,625A,623A,623B,625B,624B,441A	289B,287B,270A,226A,243B,269A,288B,255A,286B,262A,227A,261A,264A,256A,228A,285B,263A,231A
50	3O96	P31749	RAC-alpha serine/threonine-protein kinase 	Homo sapiens	A	367	9	6A,9A,292A,234A,230A,228A,276A	274A,272A,211A,80A,82A,268A,205A,291A,271A,83A,296A,85A,84A,290A,264A,210A,273A
51	1OF6	P32449	Phospho-2-dehydro-3-deoxyheptonate aldolase, tyrosine-inhibited 	Saccharomyces cerevisiae	A,B	696	17	186A,186B,92A,92B,234A,234B	193A,28B,195A,169A,25B,226A,224A,166A,22B,162A,227A,21B,194A
52	1ZDS	P38501	Copper-containing nitrite reductase 	Alcaligenes faecalis	A	335	10	100A	148A,47A,145A,144A,93A,199A,62A,60A,95A
53	4JA8	P48735	Isocitrate dehydrogenase [NADP], mitochondrial 	Homo sapiens	A,B	822	27	353A,349A,353B,122A,367B,115A,367A,345B,345A,354A,354B,351B,350A,351A,115B,349B,350B,122B	319B,319A,164A,320B,320A,164B,160B,311B,311A,315B,315A,297B,297A,312B,298B,298A,312A,306B,306A,316B,294B,294A,316A
54	2XJC	P49902	Cytosolic purine 5'-nucleotidase 	Homo sapiens	A	463	23	54A,209A,52A,206A,215A,251A,250A,249A,292A,202A	457A,456A,145A,144A,358A,354A,154A,362A,453A,152A
55	2VPR	P51561	Tetracycline repressor protein class H	Pasteurella multocida	A	197	6	27A,26A,32A,43A,34A,35A,38A,28A,40A,39A,29A,37A,42A,45A,30A,31A,36A,33A,44A,41A	64A,103A,82A,100A,105A,104A,60A,109A,86A,134A,113A,135A,67A,116A
56	2Q5O	P51852	Indole-3-pyruvate decarboxylase 	Azospirillum brasilense	A	529	17	402A,461A,458A,48A,460A,431A,430A,382A,429A	238A,241A,397A,215A,214A,240A,396A,60A,394A,375A,242A,395A
57	2PUV	P53704	Glutamine--fructose-6-phosphate aminotransferase	Candida albicans	B	352	12	450B,455B,591B,406B,405B,451B,452B	384B,489B,479B,492B,476B,372B,383B,487B,484B,474B,488B,490B,491B
58	1SHJ	P55210	Caspase-7 	Homo sapiens	A	208	12	186A,144A	147A,159A,292A,214A,211A,290A,223A,221A,213A,160A
59	4NBN	P55212	Caspase-6 	Homo sapiens	A,B	499	15	121B,163A,163B,121A	200B,200A,214B,214A,201A,201B,199A,199B,198B,198A,197B,197A
60	1NSG	P62942	Peptidyl-prolyl cis-trans isomerase FKBP1A 	Homo sapiens	A,B	203	8	37A,56A,82A	2040B,26A,54A,2098B,2035B,53A,46A,91A,2108B,36A,59A,2031B,90A,99A,2102B,2039B,2036B,2032B,2105B,55A,2101B
61	2BE9	P74766	Aspartate carbamoyltransferase regulatory chain	Sulfolobus acidocaldarius	B	148	1	54B,53B,135B,56B,106B,55B	64B,93B,22B,23B,90B,88B,15B,14B,98B,95B,20B
62	4EAJ	P80385	5'-AMP-activated protein kinase subunit gamma-1 	Rattus norvegicus	C	289	13	150C,155C,152C	315C,203C,313C,202C,226C,225C,316C,224C,199C,204C,297C,228C,311C
63	1W96	Q00955	Acetyl-CoA carboxylase 	Saccharomyces cerevisiae	A	549	19	383A	73A,397A,69A,510A,396A,454A,389A,398A,485A,512A,392A,77A,487A,76A,393A
64	3QEL	Q00960	Glutamate receptor ionotropic, NMDA 2B 	Rattus norvegicus	A,B	708	21	137A,364A,130A,134A,127B,284B	107B,111B,110B,110A,176B,115A,175B,174B,236B,114B,132A,109A,177B,135A,133A
65	3QH0	Q05769	Prostaglandin G/H synthase 2 	Mus musculus	A	551	17	528A,386A,531A	353A,526A,385A,527A,205A,530A,116A,355A,523A,348A,387A,120A,349A
66	1M8P	Q12650	Sulfate adenylyltransferase 	Penicillium chrysogenum	A	573	18	332A,333A,478A,477A,454A,437A,479A,294A,295A,199A,434A,405A,198A,292A,451A,197A	476A,455A,528A,517A,527A,526A,515A,530A,446A,529A
67	4E6C	Q16539	Mitogen-activated protein kinase 14 	Homo sapiens	A	330	10	110A	255A,195A,196A,197A
68	1JLR	Q26998	Uracil phosphoribosyltransferase 	Toxoplasma gondii	A,B,C,D	940	37	169D,169B,169C,169A,235B,235C,235A,235D,170A,170B,170C,170D,112A,112B,112C,112D	124A,129A,65C,125A,103A,101A,68C,105A,104A,78A,44C,158A,59D
69	4BQH	Q386Q8	UDP-N-acetylglucosamine pyrophosphorylase, putative 	Trypanosoma brucei brucei	A	521	20	111A,309A,335A,226A,294A,199A,227A,109A,421A,116A,310A,293A	238A,397A,367A,209A,239A,207A,235A,49A,236A,50A,233A,232A,371A,376A,242A,45A,44A,46A,370A
70	3L3V	Q72498	POL polyprotein 	Human immunodeficiency virus 1	A,B	284	13	65B,65A,103B,92A,92B,103A,116A,116B,173A,173B,67A,67B	168B,96B,125A,129A,174B,88B,88A,102A,96A,87A,99B,95A,128A,98A,87B,99A
71	3IRH	Q836G9	HD domain protein 	Enterococcus faecalis	A,B	895	34	239B,239A,49A,49B,63A,63B,369A,119A,368B,368A,119B,369B	326A,54A,64B,35B,41B,36B,422A,16B,330A,15B,14B,247A,44B,55A
72	3HO8	Q99UY8	Pyruvate carboxylase 	Staphylococcus aureus	A,C	1979	84	870A,912A,610A,911A,651A,908A	448A,80C,1080A,82C,493A,78C,1056A,77C,1081A,449A,81C,496A,398A,83C,494A,1085A,451A,453A,1055A,497A,1057A,57C,79C
73	4ETZ	Q9HZE7	PelD	Pseudomonas aeruginosa	A	285	14	380A,376A,377A,378A,379A	370A,402A,367A,398A,399A,388A,391A,395A,158A,161A
74	3GCD	Q9KS12	RTX toxin RtxA	Vibrio cholerae serotype O1	A	202	4	47A,92A,140A,91A,175A,177A,178A,184A	27A,200A,54A,195A,136A,28A,182A,169A,29A,171A,183A,85A,30A,55A
75	2RD5	Q9SCL7	Acetylglutamate kinase, chloroplastic 	Arabidopsis thaliana	A	281	9	215A,216A,255A,221A,247A,249A,45A	292A,289A,210A,287A,294A,291A,232A,288A,285A,290A,33A,284A
76	1NJJ	Q9TZZ6	Ornithine decarboxylase 	Trypanosoma brucei gambiense	A	349	13	331A,389A,237A,361A,277A,276A	340A,384A,341A,385A,22A,339A,382A,243A
77	4BZB	Q9Y3Z3	Deoxynucleoside triphosphate triphosphohydrolase SAMHD1 	Homo sapiens	A,B,C,D	1926	68	206A,206B,206C,206D,333C,149A,149B,149C,149D,333D,376A,376B,376C,376D,366A,137A,137C,137B,137D,312B,312C,312A,312D,164D,164A,164C,164B,315C,315B,315A,315D,366D,358B,358C,358D,366C,366B,374D,374B,374C,374A,333B,333A,455D,455B,455C,455A,377C,377B,377A,377D,451B,352D,119B,352B,352C,352A,150B,150C,150A,150D,358A,142A,142C,142B,142D,523A,523B,523C,523D,375A,375C,375B,375D,319D,319C,319B,319A,354D,354A,354B,354C,156A,156B,156C,156D,119A,451C,119C,451A,119D,451D,116D,116A,116B,116C	145D,117D,157A,372A,165D,330C,155A,378A,125D,325A,118D,337C,136D
78	3LSW	Q9Z2W9	Glutamate receptor 3 	Mus musculus	A	258	5	142A,89A,91A,96A,143A	219A,218A,217A,105A,108A,106A,107A
79	2W4I	Q9ZLT0	Glutamate racemase 	Helicobacter pylori	A,B	509	15	39B,39A,72B,40B,40A,72A,8B,8A,182A,71B,71A,182B	147B,147A,41A,41B,253A,151A,151B,143A,186A,149A,38B,10A,117B,150B,150A,152A,38A,146A,146B,183A,252A,154A,248A,37B,13A,11A,17A
